{
    "NParticles": 9,
    "EVALS": 6400000,
    "DIST_ATOMS": 3,
    "N_ELECTRON_STATES": [
        1,
        -1
    ],
    "excitations": [
        0,
        0,
        0,
        0,
        0,
        0,
        0,
        0,
        0
    ],
    "NUM_KOEFS_PER_ELECTRON": 10,
    "OPTIMIZE_PHASE": false,
    "VP_FACT": 0.2,
    "SHARE_KOEFS": true,
    "CHECK_ZERO_KOEF": true,
    "EXTEND_INTEGRAL_FACTOR": 0.9,
    "WIDTH": 0.9572932614500979,
    "POTENZ_Vel": 4,
    "VE_FACT": 2.0,
    "MP_THREADS": 24,
    "FP_EVALS": 100000000,
    "COMPILE_BEFORE_INTEGRATION_IF_EVAL_IS_MORE": -1,
    "NOT_SYMMETRIZED": false,
    "OPTIMIZE_ROUNDS": 3,
    "DO_AFTER_OPTIMIZATION_EVAL": 100000000,
    "INTEGRATE_ELECTRONS_ATOMS": 9,
    "results": {
        "fun": 2.5627593405698113,
        "x": [
            1.1737905059190084,
            12.180779106881747,
            18.994897427831777,
            22.354569612800756,
            1,
            0,
            -6.938893903907228e-18,
            0.8,
            0.0,
            0.6750000000000002,
            -0.024999999999999988,
            0.4749999999999999,
            0.0,
            0.325,
            0.0,
            0.2750000000000001,
            0.0,
            0.20000000000000007,
            0.0,
            0.15000000000000002,
            0.0,
            0.10000000000000002,
            -0.10000000000000002,
            0.0
        ]
    },
    "fp_res": 2.5627593405698113,
    "last_log": "itn   integral        wgt average     chi2/dof        Q\n-------------------------------------------------------\n  1   265.38(84)      265.38(84)          0.00     1.00\n  2   266.54(15)      266.50(15)          0.95     0.39\n  3   266.60(12)      266.565(92)         0.65     0.63\n  4   266.44(11)      266.515(71)         0.83     0.55\n  5   266.69(11)      266.565(60)         1.00     0.43\n  6   266.75(11)      266.606(53)         1.05     0.40\n  7   266.95(11)      266.669(48)         1.60     0.08\n  8   266.75(11)      266.682(44)         1.40     0.14\n  9   266.56(11)      266.665(41)         1.31     0.18\n 10   266.88(11)      266.691(38)         1.40     0.12\n\nTime: 22:01:56 dt571.5147392749786 compile time 579.4373018741608 result [266.691(38) 104.064(15)] 2.56276(12)"
}