{
    "NParticles": 9,
    "EVALS": 6400000,
    "DIST_ATOMS": 3,
    "N_ELECTRON_STATES": [
        1,
        -1
    ],
    "excitations": [
        0,
        0,
        0,
        0,
        0,
        0,
        0,
        0,
        0
    ],
    "NUM_KOEFS_PER_ELECTRON": 10,
    "OPTIMIZE_PHASE": false,
    "VP_FACT": 0.2,
    "SHARE_KOEFS": true,
    "CHECK_ZERO_KOEF": true,
    "EXTEND_INTEGRAL_FACTOR": 0.9,
    "WIDTH": 0.9572932614500979,
    "POTENZ_Vel": 4,
    "VE_FACT": 2.0,
    "MP_THREADS": 24,
    "FP_EVALS": 10000,
    "COMPILE_BEFORE_INTEGRATION_IF_EVAL_IS_MORE": -1,
    "NOT_SYMMETRIZED": true,
    "OPTIMIZE_ROUNDS": 3,
    "DO_AFTER_OPTIMIZATION_EVAL": 100000000,
    "INTEGRATE_ELECTRONS_ATOMS": 9,
    "results": {
        "x": [
            1.1737905059190084,
            12.180779106881747,
            18.994897427831777,
            22.354569612800756,
            1,
            0,
            -6.938893903907228e-18,
            0.8,
            0.0,
            0.6750000000000002,
            -0.024999999999999988,
            0.4749999999999999,
            0.0,
            0.325,
            0.0,
            0.2750000000000001,
            0.0,
            0.20000000000000007,
            0.0,
            0.15000000000000002,
            0.0,
            0.10000000000000002,
            -0.10000000000000002,
            0.0
        ],
        "fun": 2.5724098937685147
    },
    "fp_res": 2.652533035058311,
    "last_log": null
}