{
    "NParticles": 9,
    "EVALS": 6400000,
    "DIST_ATOMS": 3,
    "N_ELECTRON_STATES": [
        1,
        -1
    ],
    "excitations": [
        0,
        0,
        0,
        0,
        0,
        0,
        0,
        0,
        0
    ],
    "NUM_KOEFS_PER_ELECTRON": 10,
    "OPTIMIZE_PHASE": false,
    "VP_FACT": 0.2,
    "SHARE_KOEFS": true,
    "CHECK_ZERO_KOEF": true,
    "EXTEND_INTEGRAL_FACTOR": 0.9,
    "WIDTH": 0.9572932614500979,
    "POTENZ_Vel": 4,
    "VE_FACT": 2.0,
    "MP_THREADS": 24,
    "FP_EVALS": 100000000,
    "COMPILE_BEFORE_INTEGRATION_IF_EVAL_IS_MORE": -1,
    "NOT_SYMMETRIZED": true,
    "OPTIMIZE_ROUNDS": 3,
    "DO_AFTER_OPTIMIZATION_EVAL": 100000000,
    "results": {
        "fun": 2.6422629546901817,
        "x": [
            4.673790505919008,
            14.180779106881747,
            19.994897427831777,
            25.354569612800756,
            1,
            0,
            -0.0750000000000001,
            0.9000000000000004,
            -1.3877787807814457e-17,
            0.6250000000000001,
            0.05000000000000004,
            0.39999999999999997,
            -0.12500000000000003,
            0.275,
            0.025000000000000064,
            0.22500000000000006,
            -0.05000000000000009,
            0.15000000000000002,
            -1.3877787807814457e-17,
            0.10000000000000003,
            0.05000000000000001,
            0.07500000000000001,
            -0.10000000000000002,
            0.0
        ]
    },
    "fp_res": 2.6422629546901817,
    "last_log": "itn   integral        wgt average     chi2/dof        Q\n-------------------------------------------------------\n  1   18.017(85)      18.017(85)          0.00     1.00\n  2   17.999(11)      18.000(11)          0.15     0.86\n  3   18.0041(80)     18.0025(64)         0.18     0.95\n  4   18.0138(78)     18.0071(49)         0.63     0.71\n  5   18.0118(75)     18.0085(41)         0.57     0.81\n  6   18.0168(74)     18.0105(36)         0.58     0.83\n  7   18.0098(73)     18.0104(32)         0.53     0.90\n  8   18.0119(73)     18.0106(29)         0.47     0.95\n  9   17.9980(74)     18.0089(27)         0.60     0.88\n 10   18.0258(73)     18.0110(26)         0.88     0.61\n\nTime: 11:47:50 dt635.4873487949371 compile time 636.1379985809326 result [18.0110(26) 6.81649(93)] 2.64226(16)"
}