{
    "NParticles": 9,
    "EVALS": 6400000,
    "DIST_ATOMS": 3,
    "N_ELECTRON_STATES": [
        1,
        -1
    ],
    "excitations": [
        0,
        0,
        0,
        0,
        0,
        0,
        0,
        0,
        0
    ],
    "NUM_KOEFS_PER_ELECTRON": 10,
    "OPTIMIZE_PHASE": false,
    "VP_FACT": 0.2,
    "SHARE_KOEFS": true,
    "CHECK_ZERO_KOEF": true,
    "EXTEND_INTEGRAL_FACTOR": 0.9,
    "WIDTH": 0.9572932614500979,
    "POTENZ_Vel": 4,
    "VE_FACT": 2.0,
    "MP_THREADS": 24,
    "FP_EVALS": 100000000,
    "COMPILE_BEFORE_INTEGRATION_IF_EVAL_IS_MORE": -1,
    "NOT_SYMMETRIZED": false,
    "OPTIMIZE_ROUNDS": 3,
    "DO_AFTER_OPTIMIZATION_EVAL": 100000000,
    "results": {
        "fun": 2.6336675379756143,
        "x": [
            4.673790505919008,
            14.180779106881747,
            19.994897427831777,
            25.354569612800756,
            1,
            0,
            -0.0750000000000001,
            0.9000000000000004,
            -1.3877787807814457e-17,
            0.6250000000000001,
            0.05000000000000004,
            0.39999999999999997,
            -0.12500000000000003,
            0.275,
            0.025000000000000064,
            0.22500000000000006,
            -0.05000000000000009,
            0.15000000000000002,
            -1.3877787807814457e-17,
            0.10000000000000003,
            0.05000000000000001,
            0.07500000000000001,
            -0.10000000000000002,
            0.0
        ]
    },
    "fp_res": 2.6336675379756143,
    "last_log": "itn   integral        wgt average     chi2/dof        Q\n-------------------------------------------------------\n  1   36.03(21)       36.03(21)           0.00     1.00\n  2   36.377(28)      36.371(28)          2.27     0.10\n  3   36.367(20)      36.368(16)          1.74     0.14\n  4   36.383(20)      36.374(13)          1.33     0.24\n  5   36.353(19)      36.367(10)          1.16     0.32\n  6   36.407(19)      36.3766(92)         1.30     0.22\n  7   36.377(19)      36.3769(82)         1.15     0.31\n  8   36.373(19)      36.3763(75)         1.02     0.42\n  9   36.415(19)      36.3818(70)         1.14     0.31\n 10   36.347(18)      36.3772(65)         1.29     0.18\n\nTime: 11:59:57 dt596.3233466148376 compile time 604.7913482189178 result [36.3772(65) 13.8124(24)] 2.63367(19)"
}