{
    "NParticles": 9,
    "EVALS": 6400000,
    "DIST_ATOMS": 3,
    "N_ELECTRON_STATES": [
        1,
        -1
    ],
    "excitations": [
        0,
        0,
        0,
        0,
        0,
        0,
        0,
        0,
        0
    ],
    "NUM_KOEFS_PER_ELECTRON": 10,
    "OPTIMIZE_PHASE": false,
    "VP_FACT": 0.2,
    "SHARE_KOEFS": true,
    "CHECK_ZERO_KOEF": true,
    "EXTEND_INTEGRAL_FACTOR": 0.9,
    "WIDTH": 0.9572932614500979,
    "POTENZ_Vel": 4,
    "VE_FACT": 2.0,
    "MP_THREADS": 24,
    "FP_EVALS": 10000,
    "COMPILE_BEFORE_INTEGRATION_IF_EVAL_IS_MORE": -1,
    "NOT_SYMMETRIZED": true,
    "OPTIMIZE_ROUNDS": 3,
    "DO_AFTER_OPTIMIZATION_EVAL": 100000000,
    "results": {
        "x": [
            4.673790505919008,
            14.180779106881747,
            19.994897427831777,
            25.354569612800756,
            1,
            0,
            -0.0750000000000001,
            0.9000000000000004,
            -1.3877787807814457e-17,
            0.6250000000000001,
            0.05000000000000004,
            0.39999999999999997,
            -0.12500000000000003,
            0.275,
            0.025000000000000064,
            0.22500000000000006,
            -0.05000000000000009,
            0.15000000000000002,
            -1.3877787807814457e-17,
            0.10000000000000003,
            0.05000000000000001,
            0.07500000000000001,
            -0.10000000000000002,
            0.0
        ],
        "fun": 2.6492502177118853
    },
    "fp_res": 2.5052035822936736,
    "last_log": null
}