{
    "NParticles": 9,
    "EVALS": 6400000,
    "DIST_ATOMS": 3,
    "N_ELECTRON_STATES": [
        1,
        -1
    ],
    "excitations": [
        0,
        0,
        0,
        0,
        0,
        0,
        0,
        0,
        0
    ],
    "NUM_KOEFS_PER_ELECTRON": 10,
    "OPTIMIZE_PHASE": false,
    "VP_FACT": 0.2,
    "SHARE_KOEFS": true,
    "CHECK_ZERO_KOEF": true,
    "EXTEND_INTEGRAL_FACTOR": 0.9,
    "WIDTH": 0.9572932614500979,
    "POTENZ_Vel": 4,
    "VE_FACT": 2.0,
    "MP_THREADS": 24,
    "FP_EVALS": 100000000,
    "COMPILE_BEFORE_INTEGRATION_IF_EVAL_IS_MORE": -1,
    "NOT_SYMMETRIZED": true,
    "OPTIMIZE_ROUNDS": 3,
    "DO_AFTER_OPTIMIZATION_EVAL": 100000000,
    "INTEGRATE_ELECTRONS_ATOMS": 9,
    "results": {
        "fun": 2.571218408364239,
        "x": [
            1.1737905059190084,
            12.180779106881747,
            18.994897427831777,
            22.354569612800756,
            1,
            0,
            -6.938893903907228e-18,
            0.8,
            0.0,
            0.6750000000000002,
            -0.024999999999999988,
            0.4749999999999999,
            0.0,
            0.325,
            0.0,
            0.2750000000000001,
            0.0,
            0.20000000000000007,
            0.0,
            0.15000000000000002,
            0.0,
            0.10000000000000002,
            -0.10000000000000002,
            0.0
        ]
    },
    "fp_res": 2.571218408364239,
    "last_log": "itn   integral        wgt average     chi2/dof        Q\n-------------------------------------------------------\n  1   131.81(33)      131.81(33)          0.00     1.00\n  2   132.044(58)     132.037(57)         0.25     0.78\n  3   132.092(46)     132.071(36)         0.35     0.84\n  4   132.098(45)     132.081(28)         0.32     0.93\n  5   132.141(45)     132.098(24)         0.84     0.56\n  6   132.119(45)     132.103(21)         0.86     0.57\n  7   132.082(44)     132.099(19)         0.76     0.69\n  8   132.141(44)     132.105(17)         0.71     0.76\n  9   132.075(44)     132.101(16)         0.72     0.77\n 10   132.124(44)     132.104(15)         0.66     0.86\n\nTime: 21:50:14 dt605.0380456447601 compile time 605.6725707054138 result [132.104(15) 51.3780(58)] 2.57122(10)"
}